<?xml version="1.0" encoding="UTF-8" standalone="yes"?>
<addon id="repository.xdkodirepo" version="20.8.13" name="XDKodiRepo repository" provider-name="xusmendev">
	<extension point="xbmc.addon.repository" name="XDKodiRepo repository">
		<info compressed="false">https://raw.githubusercontent.com/jroigfer/XDKodiRepo/gh-pages/addons.xml</info>
		<checksum>https://raw.githubusercontent.com/jroigfer/XDKodiRepo/gh-pages/addons.xml.md5</checksum>
		<datadir zip="true">https://raw.githubusercontent.com/jroigfer/XDKodiRepo/gh-pages/</datadir>
	</extension>
	<extension point="xbmc.addon.metadata">
		<summary lang="en">Kodi repository for versions of XD's addons</summary>
		<description lang="en">Kodi repository for versions of XD's addons, for stable versions please just use the official Kodi repository. </description>
		<platform>all</platform>
	</extension>
</addon>