{
  "active": true,
  "find_videos": {
    "ignore_urls": [],
    "patterns": [
      {
        "pattern": "(?:powvideo|povw1deo|powvldeo).(?:net|xyz|com|cc)/(?:embed-|iframe-|preview-|)([a-z0-9]+)",
        "url": "https://powvldeo.co/iframe-\\1-1536x701.html"
      }
    ]
  },
  "free": true,
  "id": "powvideo",
  "name": "powvideo",
  "settings": [
    {
      "default": false,
      "enabled": true,
      "id": "black_list",
      "label": "@60654",
      "type": "bool",
      "visible": true
    },
    {
      "default": 0,
      "enabled": true,
      "id": "favorites_servers_list",
      "label": "@60655",
      "lvalues": [
        "No",
        "1",
        "2",
        "3",
        "4",
        "5"
      ],
      "type": "list",
      "visible": false
    }
  ],
  "thumbnail": "server_powvideo.png"
}